year,round,race_name,circuit,driver_code,driver_name,team,grid,finish_position,points,status
2022,1,Bahrain Grand Prix,Sakhir,LEC,Charles Leclerc,Ferrari,1.0,1,26.0,Finished
2022,1,Bahrain Grand Prix,Sakhir,SAI,Carlos Sainz,Ferrari,3.0,2,18.0,Finished
2022,1,Bahrain Grand Prix,Sakhir,HAM,Lewis Hamilton,Mercedes,5.0,3,15.0,Finished
2022,1,Bahrain Grand Prix,Sakhir,RUS,George Russell,Mercedes,9.0,4,12.0,Finished
2022,1,Bahrain Grand Prix,Sakhir,MAG,Kevin Magnussen,Haas F1 Team,7.0,5,10.0,Finished
2022,1,Bahrain Grand Prix,Sakhir,BOT,Valtteri Bottas,Alfa Romeo,6.0,6,8.0,Finished
2022,1,Bahrain Grand Prix,Sakhir,OCO,Esteban Ocon,Alpine,11.0,7,6.0,Finished
2022,1,Bahrain Grand Prix,Sakhir,TSU,Yuki Tsunoda,AlphaTauri,16.0,8,4.0,Finished
2022,1,Bahrain Grand Prix,Sakhir,ALO,Fernando Alonso,Alpine,8.0,9,2.0,Finished
2022,1,Bahrain Grand Prix,Sakhir,ZHO,Guanyu Zhou,Alfa Romeo,15.0,10,1.0,Finished
2022,1,Bahrain Grand Prix,Sakhir,MSC,Mick Schumacher,Haas F1 Team,12.0,11,0.0,Finished
2022,1,Bahrain Grand Prix,Sakhir,STR,Lance Stroll,Aston Martin,19.0,12,0.0,Finished
2022,1,Bahrain Grand Prix,Sakhir,ALB,Alexander Albon,Williams,14.0,13,0.0,Finished
2022,1,Bahrain Grand Prix,Sakhir,RIC,Daniel Ricciardo,McLaren,18.0,14,0.0,Finished
2022,1,Bahrain Grand Prix,Sakhir,NOR,Lando Norris,McLaren,13.0,15,0.0,Finished
2022,1,Bahrain Grand Prix,Sakhir,LAT,Nicholas Latifi,Williams,20.0,16,0.0,Finished
2022,1,Bahrain Grand Prix,Sakhir,HUL,Nico Hulkenberg,Aston Martin,17.0,17,0.0,Finished
2022,1,Bahrain Grand Prix,Sakhir,PER,Sergio Perez,Red Bull Racing,4.0,18,0.0,Fuel pressure
2022,1,Bahrain Grand Prix,Sakhir,VER,Max Verstappen,Red Bull Racing,2.0,19,0.0,Fuel pressure
2022,1,Bahrain Grand Prix,Sakhir,GAS,Pierre Gasly,AlphaTauri,10.0,R,0.0,Power Unit
2022,2,Saudi Arabian Grand Prix,Jeddah,VER,Max Verstappen,Red Bull Racing,4.0,1,25.0,Finished
2022,2,Saudi Arabian Grand Prix,Jeddah,LEC,Charles Leclerc,Ferrari,2.0,2,19.0,Finished
2022,2,Saudi Arabian Grand Prix,Jeddah,SAI,Carlos Sainz,Ferrari,3.0,3,15.0,Finished
2022,2,Saudi Arabian Grand Prix,Jeddah,PER,Sergio Perez,Red Bull Racing,1.0,4,12.0,Finished
2022,2,Saudi Arabian Grand Prix,Jeddah,RUS,George Russell,Mercedes,6.0,5,10.0,Finished
2022,2,Saudi Arabian Grand Prix,Jeddah,OCO,Esteban Ocon,Alpine,5.0,6,8.0,Finished
2022,2,Saudi Arabian Grand Prix,Jeddah,NOR,Lando Norris,McLaren,11.0,7,6.0,Finished
2022,2,Saudi Arabian Grand Prix,Jeddah,GAS,Pierre Gasly,AlphaTauri,9.0,8,4.0,Finished
2022,2,Saudi Arabian Grand Prix,Jeddah,MAG,Kevin Magnussen,Haas F1 Team,10.0,9,2.0,Finished
2022,2,Saudi Arabian Grand Prix,Jeddah,HAM,Lewis Hamilton,Mercedes,15.0,10,1.0,Finished
2022,2,Saudi Arabian Grand Prix,Jeddah,ZHO,Guanyu Zhou,Alfa Romeo,12.0,11,0.0,Finished
2022,2,Saudi Arabian Grand Prix,Jeddah,HUL,Nico Hulkenberg,Aston Martin,17.0,12,0.0,Finished
2022,2,Saudi Arabian Grand Prix,Jeddah,STR,Lance Stroll,Aston Martin,13.0,13,0.0,+1 Lap
2022,2,Saudi Arabian Grand Prix,Jeddah,ALB,Alexander Albon,Williams,16.0,14,0.0,Collision damage
2022,2,Saudi Arabian Grand Prix,Jeddah,BOT,Valtteri Bottas,Alfa Romeo,8.0,R,0.0,Cooling system
2022,2,Saudi Arabian Grand Prix,Jeddah,ALO,Fernando Alonso,Alpine,7.0,R,0.0,Water pump
2022,2,Saudi Arabian Grand Prix,Jeddah,RIC,Daniel Ricciardo,McLaren,14.0,R,0.0,Gearbox
2022,2,Saudi Arabian Grand Prix,Jeddah,LAT,Nicholas Latifi,Williams,18.0,R,0.0,Accident
2022,2,Saudi Arabian Grand Prix,Jeddah,TSU,Yuki Tsunoda,AlphaTauri,19.0,R,0.0,Power Unit
2022,2,Saudi Arabian Grand Prix,Jeddah,MSC,Mick Schumacher,Haas F1 Team,,W,0.0,Withdrew
2022,3,Australian Grand Prix,Melbourne,LEC,Charles Leclerc,Ferrari,1.0,1,26.0,Finished
2022,3,Australian Grand Prix,Melbourne,PER,Sergio Perez,Red Bull Racing,3.0,2,18.0,Finished
2022,3,Australian Grand Prix,Melbourne,RUS,George Russell,Mercedes,6.0,3,15.0,Finished
2022,3,Australian Grand Prix,Melbourne,HAM,Lewis Hamilton,Mercedes,5.0,4,12.0,Finished
2022,3,Australian Grand Prix,Melbourne,NOR,Lando Norris,McLaren,4.0,5,10.0,Finished
2022,3,Australian Grand Prix,Melbourne,RIC,Daniel Ricciardo,McLaren,7.0,6,8.0,Finished
2022,3,Australian Grand Prix,Melbourne,OCO,Esteban Ocon,Alpine,8.0,7,6.0,Finished
2022,3,Australian Grand Prix,Melbourne,BOT,Valtteri Bottas,Alfa Romeo,12.0,8,4.0,Finished
2022,3,Australian Grand Prix,Melbourne,GAS,Pierre Gasly,AlphaTauri,11.0,9,2.0,Finished
2022,3,Australian Grand Prix,Melbourne,ALB,Alexander Albon,Williams,20.0,10,1.0,Finished
2022,3,Australian Grand Prix,Melbourne,ZHO,Guanyu Zhou,Alfa Romeo,14.0,11,0.0,Finished
2022,3,Australian Grand Prix,Melbourne,STR,Lance Stroll,Aston Martin,19.0,12,0.0,Finished
2022,3,Australian Grand Prix,Melbourne,MSC,Mick Schumacher,Haas F1 Team,15.0,13,0.0,+1 Lap
2022,3,Australian Grand Prix,Melbourne,MAG,Kevin Magnussen,Haas F1 Team,16.0,14,0.0,+1 Lap
2022,3,Australian Grand Prix,Melbourne,TSU,Yuki Tsunoda,AlphaTauri,13.0,15,0.0,+1 Lap
2022,3,Australian Grand Prix,Melbourne,LAT,Nicholas Latifi,Williams,18.0,16,0.0,+1 Lap
2022,3,Australian Grand Prix,Melbourne,ALO,Fernando Alonso,Alpine,10.0,17,0.0,+1 Lap
2022,3,Australian Grand Prix,Melbourne,VER,Max Verstappen,Red Bull Racing,2.0,R,0.0,Fuel leak
2022,3,Australian Grand Prix,Melbourne,VET,Sebastian Vettel,Aston Martin,17.0,R,0.0,Accident
2022,3,Australian Grand Prix,Melbourne,SAI,Carlos Sainz,Ferrari,9.0,R,0.0,Spun off
2022,4,Emilia Romagna Grand Prix,Imola,VER,Max Verstappen,Red Bull Racing,1.0,1,26.0,Finished
2022,4,Emilia Romagna Grand Prix,Imola,PER,Sergio Perez,Red Bull Racing,3.0,2,18.0,Finished
2022,4,Emilia Romagna Grand Prix,Imola,NOR,Lando Norris,McLaren,5.0,3,15.0,Finished
2022,4,Emilia Romagna Grand Prix,Imola,RUS,George Russell,Mercedes,11.0,4,12.0,Finished
2022,4,Emilia Romagna Grand Prix,Imola,BOT,Valtteri Bottas,Alfa Romeo,7.0,5,10.0,Finished
2022,4,Emilia Romagna Grand Prix,Imola,LEC,Charles Leclerc,Ferrari,2.0,6,8.0,Finished
2022,4,Emilia Romagna Grand Prix,Imola,TSU,Yuki Tsunoda,AlphaTauri,12.0,7,6.0,Finished
2022,4,Emilia Romagna Grand Prix,Imola,VET,Sebastian Vettel,Aston Martin,13.0,8,4.0,Finished
2022,4,Emilia Romagna Grand Prix,Imola,MAG,Kevin Magnussen,Haas F1 Team,8.0,9,2.0,Finished
2022,4,Emilia Romagna Grand Prix,Imola,STR,Lance Stroll,Aston Martin,15.0,10,1.0,+1 Lap
2022,4,Emilia Romagna Grand Prix,Imola,ALB,Alexander Albon,Williams,18.0,11,0.0,+1 Lap
2022,4,Emilia Romagna Grand Prix,Imola,GAS,Pierre Gasly,AlphaTauri,17.0,12,0.0,+1 Lap
2022,4,Emilia Romagna Grand Prix,Imola,HAM,Lewis Hamilton,Mercedes,14.0,13,0.0,+1 Lap
2022,4,Emilia Romagna Grand Prix,Imola,OCO,Esteban Ocon,Alpine,16.0,14,0.0,+1 Lap
2022,4,Emilia Romagna Grand Prix,Imola,ZHO,Guanyu Zhou,Alfa Romeo,0.0,15,0.0,+1 Lap
2022,4,Emilia Romagna Grand Prix,Imola,LAT,Nicholas Latifi,Williams,19.0,16,0.0,+1 Lap
2022,4,Emilia Romagna Grand Prix,Imola,MSC,Mick Schumacher,Haas F1 Team,10.0,17,0.0,+1 Lap
2022,4,Emilia Romagna Grand Prix,Imola,RIC,Daniel Ricciardo,McLaren,6.0,18,0.0,+1 Lap
2022,4,Emilia Romagna Grand Prix,Imola,ALO,Fernando Alonso,Alpine,9.0,R,0.0,Collision damage
2022,4,Emilia Romagna Grand Prix,Imola,SAI,Carlos Sainz,Ferrari,4.0,R,0.0,Collision
2022,5,Miami Grand Prix,Miami,VER,Max Verstappen,Red Bull Racing,3.0,1,26.0,Finished
2022,5,Miami Grand Prix,Miami,LEC,Charles Leclerc,Ferrari,1.0,2,18.0,Finished
2022,5,Miami Grand Prix,Miami,SAI,Carlos Sainz,Ferrari,2.0,3,15.0,Finished
2022,5,Miami Grand Prix,Miami,PER,Sergio Perez,Red Bull Racing,4.0,4,12.0,Finished
2022,5,Miami Grand Prix,Miami,RUS,George Russell,Mercedes,12.0,5,10.0,Finished
2022,5,Miami Grand Prix,Miami,HAM,Lewis Hamilton,Mercedes,6.0,6,8.0,Finished
2022,5,Miami Grand Prix,Miami,BOT,Valtteri Bottas,Alfa Romeo,5.0,7,6.0,Finished
2022,5,Miami Grand Prix,Miami,OCO,Esteban Ocon,Alpine,20.0,8,4.0,Finished
2022,5,Miami Grand Prix,Miami,ALB,Alexander Albon,Williams,18.0,9,2.0,Finished
2022,5,Miami Grand Prix,Miami,STR,Lance Stroll,Aston Martin,0.0,10,1.0,Finished
2022,5,Miami Grand Prix,Miami,ALO,Fernando Alonso,Alpine,11.0,11,0.0,Finished
2022,5,Miami Grand Prix,Miami,TSU,Yuki Tsunoda,AlphaTauri,9.0,12,0.0,Finished
2022,5,Miami Grand Prix,Miami,RIC,Daniel Ricciardo,McLaren,14.0,13,0.0,Finished
2022,5,Miami Grand Prix,Miami,LAT,Nicholas Latifi,Williams,19.0,14,0.0,Finished
2022,5,Miami Grand Prix,Miami,MSC,Mick Schumacher,Haas F1 Team,15.0,15,0.0,Finished
2022,5,Miami Grand Prix,Miami,MAG,Kevin Magnussen,Haas F1 Team,16.0,16,0.0,Front wing
2022,5,Miami Grand Prix,Miami,VET,Sebastian Vettel,Aston Martin,0.0,17,0.0,Collision
2022,5,Miami Grand Prix,Miami,GAS,Pierre Gasly,AlphaTauri,7.0,R,0.0,Suspension
2022,5,Miami Grand Prix,Miami,NOR,Lando Norris,McLaren,8.0,R,0.0,Collision
2022,5,Miami Grand Prix,Miami,ZHO,Guanyu Zhou,Alfa Romeo,17.0,R,0.0,Water leak
2022,6,Spanish Grand Prix,Barcelona,VER,Max Verstappen,Red Bull Racing,2.0,1,25.0,Finished
2022,6,Spanish Grand Prix,Barcelona,PER,Sergio Perez,Red Bull Racing,5.0,2,19.0,Finished
2022,6,Spanish Grand Prix,Barcelona,RUS,George Russell,Mercedes,4.0,3,15.0,Finished
2022,6,Spanish Grand Prix,Barcelona,SAI,Carlos Sainz,Ferrari,3.0,4,12.0,Finished
2022,6,Spanish Grand Prix,Barcelona,HAM,Lewis Hamilton,Mercedes,6.0,5,10.0,Finished
2022,6,Spanish Grand Prix,Barcelona,BOT,Valtteri Bottas,Alfa Romeo,7.0,6,8.0,Finished
2022,6,Spanish Grand Prix,Barcelona,OCO,Esteban Ocon,Alpine,12.0,7,6.0,Finished
2022,6,Spanish Grand Prix,Barcelona,NOR,Lando Norris,McLaren,11.0,8,4.0,Finished
2022,6,Spanish Grand Prix,Barcelona,ALO,Fernando Alonso,Alpine,20.0,9,2.0,+1 Lap
2022,6,Spanish Grand Prix,Barcelona,TSU,Yuki Tsunoda,AlphaTauri,13.0,10,1.0,+1 Lap
2022,6,Spanish Grand Prix,Barcelona,VET,Sebastian Vettel,Aston Martin,16.0,11,0.0,+1 Lap
2022,6,Spanish Grand Prix,Barcelona,RIC,Daniel Ricciardo,McLaren,9.0,12,0.0,+1 Lap
2022,6,Spanish Grand Prix,Barcelona,GAS,Pierre Gasly,AlphaTauri,14.0,13,0.0,+1 Lap
2022,6,Spanish Grand Prix,Barcelona,MSC,Mick Schumacher,Haas F1 Team,10.0,14,0.0,+1 Lap
2022,6,Spanish Grand Prix,Barcelona,STR,Lance Stroll,Aston Martin,17.0,15,0.0,+1 Lap
2022,6,Spanish Grand Prix,Barcelona,LAT,Nicholas Latifi,Williams,19.0,16,0.0,+2 Laps
2022,6,Spanish Grand Prix,Barcelona,MAG,Kevin Magnussen,Haas F1 Team,8.0,17,0.0,+2 Laps
2022,6,Spanish Grand Prix,Barcelona,ALB,Alexander Albon,Williams,18.0,18,0.0,+2 Laps
2022,6,Spanish Grand Prix,Barcelona,ZHO,Guanyu Zhou,Alfa Romeo,15.0,R,0.0,Power loss
2022,6,Spanish Grand Prix,Barcelona,LEC,Charles Leclerc,Ferrari,1.0,R,0.0,Turbo
2022,7,Monaco Grand Prix,Monaco,PER,Sergio Perez,Red Bull Racing,3.0,1,25.0,Finished
2022,7,Monaco Grand Prix,Monaco,SAI,Carlos Sainz,Ferrari,2.0,2,18.0,Finished
2022,7,Monaco Grand Prix,Monaco,VER,Max Verstappen,Red Bull Racing,4.0,3,15.0,Finished
2022,7,Monaco Grand Prix,Monaco,LEC,Charles Leclerc,Ferrari,1.0,4,12.0,Finished
2022,7,Monaco Grand Prix,Monaco,RUS,George Russell,Mercedes,6.0,5,10.0,Finished
2022,7,Monaco Grand Prix,Monaco,NOR,Lando Norris,McLaren,5.0,6,9.0,Finished
2022,7,Monaco Grand Prix,Monaco,ALO,Fernando Alonso,Alpine,7.0,7,6.0,Finished
2022,7,Monaco Grand Prix,Monaco,HAM,Lewis Hamilton,Mercedes,8.0,8,4.0,Finished
2022,7,Monaco Grand Prix,Monaco,BOT,Valtteri Bottas,Alfa Romeo,12.0,9,2.0,Finished
2022,7,Monaco Grand Prix,Monaco,VET,Sebastian Vettel,Aston Martin,9.0,10,1.0,Finished
2022,7,Monaco Grand Prix,Monaco,GAS,Pierre Gasly,AlphaTauri,17.0,11,0.0,Finished
2022,7,Monaco Grand Prix,Monaco,OCO,Esteban Ocon,Alpine,10.0,12,0.0,Finished
2022,7,Monaco Grand Prix,Monaco,RIC,Daniel Ricciardo,McLaren,14.0,13,0.0,Finished
2022,7,Monaco Grand Prix,Monaco,STR,Lance Stroll,Aston Martin,18.0,14,0.0,Finished
2022,7,Monaco Grand Prix,Monaco,LAT,Nicholas Latifi,Williams,19.0,15,0.0,+1 Lap
2022,7,Monaco Grand Prix,Monaco,ZHO,Guanyu Zhou,Alfa Romeo,20.0,16,0.0,+1 Lap
2022,7,Monaco Grand Prix,Monaco,TSU,Yuki Tsunoda,AlphaTauri,11.0,17,0.0,+1 Lap
2022,7,Monaco Grand Prix,Monaco,ALB,Alexander Albon,Williams,16.0,R,0.0,Mechanical
2022,7,Monaco Grand Prix,Monaco,MSC,Mick Schumacher,Haas F1 Team,15.0,R,0.0,Accident
2022,7,Monaco Grand Prix,Monaco,MAG,Kevin Magnussen,Haas F1 Team,13.0,R,0.0,Water pressure
2022,8,Azerbaijan Grand Prix,Baku,VER,Max Verstappen,Red Bull Racing,3.0,1,25.0,Finished
2022,8,Azerbaijan Grand Prix,Baku,PER,Sergio Perez,Red Bull Racing,2.0,2,19.0,Finished
2022,8,Azerbaijan Grand Prix,Baku,RUS,George Russell,Mercedes,5.0,3,15.0,Finished
2022,8,Azerbaijan Grand Prix,Baku,HAM,Lewis Hamilton,Mercedes,7.0,4,12.0,Finished
2022,8,Azerbaijan Grand Prix,Baku,GAS,Pierre Gasly,AlphaTauri,6.0,5,10.0,Finished
2022,8,Azerbaijan Grand Prix,Baku,VET,Sebastian Vettel,Aston Martin,9.0,6,8.0,Finished
2022,8,Azerbaijan Grand Prix,Baku,ALO,Fernando Alonso,Alpine,10.0,7,6.0,Finished
2022,8,Azerbaijan Grand Prix,Baku,RIC,Daniel Ricciardo,McLaren,12.0,8,4.0,Finished
2022,8,Azerbaijan Grand Prix,Baku,NOR,Lando Norris,McLaren,11.0,9,2.0,Finished
2022,8,Azerbaijan Grand Prix,Baku,OCO,Esteban Ocon,Alpine,13.0,10,1.0,Finished
2022,8,Azerbaijan Grand Prix,Baku,BOT,Valtteri Bottas,Alfa Romeo,15.0,11,0.0,+1 Lap
2022,8,Azerbaijan Grand Prix,Baku,ALB,Alexander Albon,Williams,17.0,12,0.0,+1 Lap
2022,8,Azerbaijan Grand Prix,Baku,TSU,Yuki Tsunoda,AlphaTauri,8.0,13,0.0,+1 Lap
2022,8,Azerbaijan Grand Prix,Baku,MSC,Mick Schumacher,Haas F1 Team,20.0,14,0.0,+1 Lap
2022,8,Azerbaijan Grand Prix,Baku,LAT,Nicholas Latifi,Williams,18.0,15,0.0,+1 Lap
2022,8,Azerbaijan Grand Prix,Baku,STR,Lance Stroll,Aston Martin,19.0,16,0.0,Vibrations
2022,8,Azerbaijan Grand Prix,Baku,MAG,Kevin Magnussen,Haas F1 Team,16.0,R,0.0,Power Unit
2022,8,Azerbaijan Grand Prix,Baku,ZHO,Guanyu Zhou,Alfa Romeo,14.0,R,0.0,Hydraulics
2022,8,Azerbaijan Grand Prix,Baku,LEC,Charles Leclerc,Ferrari,1.0,R,0.0,Power Unit
2022,8,Azerbaijan Grand Prix,Baku,SAI,Carlos Sainz,Ferrari,4.0,R,0.0,Hydraulics
2022,9,Canadian Grand Prix,Montréal,VER,Max Verstappen,Red Bull Racing,1.0,1,25.0,Finished
2022,9,Canadian Grand Prix,Montréal,SAI,Carlos Sainz,Ferrari,3.0,2,19.0,Finished
2022,9,Canadian Grand Prix,Montréal,HAM,Lewis Hamilton,Mercedes,4.0,3,15.0,Finished
2022,9,Canadian Grand Prix,Montréal,RUS,George Russell,Mercedes,8.0,4,12.0,Finished
2022,9,Canadian Grand Prix,Montréal,LEC,Charles Leclerc,Ferrari,19.0,5,10.0,Finished
2022,9,Canadian Grand Prix,Montréal,OCO,Esteban Ocon,Alpine,7.0,6,8.0,Finished
2022,9,Canadian Grand Prix,Montréal,BOT,Valtteri Bottas,Alfa Romeo,11.0,7,6.0,Finished
2022,9,Canadian Grand Prix,Montréal,ZHO,Guanyu Zhou,Alfa Romeo,10.0,8,4.0,Finished
2022,9,Canadian Grand Prix,Montréal,ALO,Fernando Alonso,Alpine,2.0,9,2.0,Finished
2022,9,Canadian Grand Prix,Montréal,STR,Lance Stroll,Aston Martin,17.0,10,1.0,Finished
2022,9,Canadian Grand Prix,Montréal,RIC,Daniel Ricciardo,McLaren,9.0,11,0.0,Finished
2022,9,Canadian Grand Prix,Montréal,VET,Sebastian Vettel,Aston Martin,16.0,12,0.0,Finished
2022,9,Canadian Grand Prix,Montréal,ALB,Alexander Albon,Williams,12.0,13,0.0,Finished
2022,9,Canadian Grand Prix,Montréal,GAS,Pierre Gasly,AlphaTauri,15.0,14,0.0,Finished
2022,9,Canadian Grand Prix,Montréal,NOR,Lando Norris,McLaren,14.0,15,0.0,Finished
2022,9,Canadian Grand Prix,Montréal,LAT,Nicholas Latifi,Williams,18.0,16,0.0,Finished
2022,9,Canadian Grand Prix,Montréal,MAG,Kevin Magnussen,Haas F1 Team,5.0,17,0.0,Finished
2022,9,Canadian Grand Prix,Montréal,TSU,Yuki Tsunoda,AlphaTauri,20.0,R,0.0,Accident
2022,9,Canadian Grand Prix,Montréal,MSC,Mick Schumacher,Haas F1 Team,6.0,R,0.0,Engine
2022,9,Canadian Grand Prix,Montréal,PER,Sergio Perez,Red Bull Racing,13.0,R,0.0,Gearbox
2022,10,British Grand Prix,Silverstone,SAI,Carlos Sainz,Ferrari,1.0,1,25.0,Finished
2022,10,British Grand Prix,Silverstone,PER,Sergio Perez,Red Bull Racing,4.0,2,18.0,Finished
2022,10,British Grand Prix,Silverstone,HAM,Lewis Hamilton,Mercedes,5.0,3,16.0,Finished
2022,10,British Grand Prix,Silverstone,LEC,Charles Leclerc,Ferrari,3.0,4,12.0,Finished
2022,10,British Grand Prix,Silverstone,ALO,Fernando Alonso,Alpine,7.0,5,10.0,Finished
2022,10,British Grand Prix,Silverstone,NOR,Lando Norris,McLaren,6.0,6,8.0,Finished
2022,10,British Grand Prix,Silverstone,VER,Max Verstappen,Red Bull Racing,2.0,7,6.0,Finished
2022,10,British Grand Prix,Silverstone,MSC,Mick Schumacher,Haas F1 Team,19.0,8,4.0,Finished
2022,10,British Grand Prix,Silverstone,VET,Sebastian Vettel,Aston Martin,18.0,9,2.0,Finished
2022,10,British Grand Prix,Silverstone,MAG,Kevin Magnussen,Haas F1 Team,17.0,10,1.0,Finished
2022,10,British Grand Prix,Silverstone,STR,Lance Stroll,Aston Martin,20.0,11,0.0,Finished
2022,10,British Grand Prix,Silverstone,LAT,Nicholas Latifi,Williams,10.0,12,0.0,Finished
2022,10,British Grand Prix,Silverstone,RIC,Daniel Ricciardo,McLaren,14.0,13,0.0,Finished
2022,10,British Grand Prix,Silverstone,TSU,Yuki Tsunoda,AlphaTauri,13.0,14,0.0,Finished
2022,10,British Grand Prix,Silverstone,OCO,Esteban Ocon,Alpine,15.0,R,0.0,Fuel pump
2022,10,British Grand Prix,Silverstone,GAS,Pierre Gasly,AlphaTauri,11.0,R,0.0,Collision damage
2022,10,British Grand Prix,Silverstone,BOT,Valtteri Bottas,Alfa Romeo,12.0,R,0.0,Gearbox
2022,10,British Grand Prix,Silverstone,RUS,George Russell,Mercedes,8.0,R,0.0,Collision
2022,10,British Grand Prix,Silverstone,ZHO,Guanyu Zhou,Alfa Romeo,9.0,R,0.0,Collision
2022,10,British Grand Prix,Silverstone,ALB,Alexander Albon,Williams,16.0,R,0.0,Collision
2022,11,Austrian Grand Prix,Spielberg,LEC,Charles Leclerc,Ferrari,2.0,1,25.0,Finished
2022,11,Austrian Grand Prix,Spielberg,VER,Max Verstappen,Red Bull Racing,1.0,2,19.0,Finished
2022,11,Austrian Grand Prix,Spielberg,HAM,Lewis Hamilton,Mercedes,8.0,3,15.0,Finished
2022,11,Austrian Grand Prix,Spielberg,RUS,George Russell,Mercedes,4.0,4,12.0,Finished
2022,11,Austrian Grand Prix,Spielberg,OCO,Esteban Ocon,Alpine,6.0,5,10.0,Finished
2022,11,Austrian Grand Prix,Spielberg,MSC,Mick Schumacher,Haas F1 Team,9.0,6,8.0,+1 Lap
2022,11,Austrian Grand Prix,Spielberg,NOR,Lando Norris,McLaren,10.0,7,6.0,+1 Lap
2022,11,Austrian Grand Prix,Spielberg,MAG,Kevin Magnussen,Haas F1 Team,7.0,8,4.0,+1 Lap
2022,11,Austrian Grand Prix,Spielberg,RIC,Daniel Ricciardo,McLaren,11.0,9,2.0,+1 Lap
2022,11,Austrian Grand Prix,Spielberg,ALO,Fernando Alonso,Alpine,19.0,10,1.0,+1 Lap
2022,11,Austrian Grand Prix,Spielberg,BOT,Valtteri Bottas,Alfa Romeo,0.0,11,0.0,+1 Lap
2022,11,Austrian Grand Prix,Spielberg,ALB,Alexander Albon,Williams,15.0,12,0.0,+1 Lap
2022,11,Austrian Grand Prix,Spielberg,STR,Lance Stroll,Aston Martin,12.0,13,0.0,+1 Lap
2022,11,Austrian Grand Prix,Spielberg,ZHO,Guanyu Zhou,Alfa Romeo,13.0,14,0.0,+1 Lap
2022,11,Austrian Grand Prix,Spielberg,GAS,Pierre Gasly,AlphaTauri,14.0,15,0.0,+1 Lap
2022,11,Austrian Grand Prix,Spielberg,TSU,Yuki Tsunoda,AlphaTauri,16.0,16,0.0,+1 Lap
2022,11,Austrian Grand Prix,Spielberg,VET,Sebastian Vettel,Aston Martin,18.0,17,0.0,+1 Lap
2022,11,Austrian Grand Prix,Spielberg,SAI,Carlos Sainz,Ferrari,3.0,R,0.0,Power Unit
2022,11,Austrian Grand Prix,Spielberg,LAT,Nicholas Latifi,Williams,17.0,R,0.0,Undertray
2022,11,Austrian Grand Prix,Spielberg,PER,Sergio Perez,Red Bull Racing,5.0,R,0.0,Collision damage
2022,12,French Grand Prix,Le Castellet,VER,Max Verstappen,Red Bull Racing,2.0,1,25.0,Finished
2022,12,French Grand Prix,Le Castellet,HAM,Lewis Hamilton,Mercedes,4.0,2,18.0,Finished
2022,12,French Grand Prix,Le Castellet,RUS,George Russell,Mercedes,6.0,3,15.0,Finished
2022,12,French Grand Prix,Le Castellet,PER,Sergio Perez,Red Bull Racing,3.0,4,12.0,Finished
2022,12,French Grand Prix,Le Castellet,SAI,Carlos Sainz,Ferrari,19.0,5,11.0,Finished
2022,12,French Grand Prix,Le Castellet,ALO,Fernando Alonso,Alpine,7.0,6,8.0,Finished
2022,12,French Grand Prix,Le Castellet,NOR,Lando Norris,McLaren,5.0,7,6.0,Finished
2022,12,French Grand Prix,Le Castellet,OCO,Esteban Ocon,Alpine,10.0,8,4.0,Finished
2022,12,French Grand Prix,Le Castellet,RIC,Daniel Ricciardo,McLaren,9.0,9,2.0,Finished
2022,12,French Grand Prix,Le Castellet,STR,Lance Stroll,Aston Martin,15.0,10,1.0,Finished
2022,12,French Grand Prix,Le Castellet,VET,Sebastian Vettel,Aston Martin,12.0,11,0.0,Finished
2022,12,French Grand Prix,Le Castellet,GAS,Pierre Gasly,AlphaTauri,14.0,12,0.0,Finished
2022,12,French Grand Prix,Le Castellet,ALB,Alexander Albon,Williams,13.0,13,0.0,Finished
2022,12,French Grand Prix,Le Castellet,BOT,Valtteri Bottas,Alfa Romeo,11.0,14,0.0,Finished
2022,12,French Grand Prix,Le Castellet,MSC,Mick Schumacher,Haas F1 Team,17.0,15,0.0,Finished
2022,12,French Grand Prix,Le Castellet,ZHO,Guanyu Zhou,Alfa Romeo,16.0,16,0.0,+6 Laps
2022,12,French Grand Prix,Le Castellet,LAT,Nicholas Latifi,Williams,18.0,R,0.0,Collision damage
2022,12,French Grand Prix,Le Castellet,MAG,Kevin Magnussen,Haas F1 Team,20.0,R,0.0,Collision damage
2022,12,French Grand Prix,Le Castellet,LEC,Charles Leclerc,Ferrari,1.0,R,0.0,Accident
2022,12,French Grand Prix,Le Castellet,TSU,Yuki Tsunoda,AlphaTauri,8.0,R,0.0,Undertray
2022,13,Hungarian Grand Prix,Budapest,VER,Max Verstappen,Red Bull Racing,10.0,1,25.0,Finished
2022,13,Hungarian Grand Prix,Budapest,HAM,Lewis Hamilton,Mercedes,7.0,2,19.0,Finished
2022,13,Hungarian Grand Prix,Budapest,RUS,George Russell,Mercedes,1.0,3,15.0,Finished
2022,13,Hungarian Grand Prix,Budapest,SAI,Carlos Sainz,Ferrari,2.0,4,12.0,Finished
2022,13,Hungarian Grand Prix,Budapest,PER,Sergio Perez,Red Bull Racing,11.0,5,10.0,Finished
2022,13,Hungarian Grand Prix,Budapest,LEC,Charles Leclerc,Ferrari,3.0,6,8.0,Finished
2022,13,Hungarian Grand Prix,Budapest,NOR,Lando Norris,McLaren,4.0,7,6.0,Finished
2022,13,Hungarian Grand Prix,Budapest,ALO,Fernando Alonso,Alpine,6.0,8,4.0,+1 Lap
2022,13,Hungarian Grand Prix,Budapest,OCO,Esteban Ocon,Alpine,5.0,9,2.0,+1 Lap
2022,13,Hungarian Grand Prix,Budapest,VET,Sebastian Vettel,Aston Martin,18.0,10,1.0,+1 Lap
2022,13,Hungarian Grand Prix,Budapest,STR,Lance Stroll,Aston Martin,14.0,11,0.0,+1 Lap
2022,13,Hungarian Grand Prix,Budapest,GAS,Pierre Gasly,AlphaTauri,0.0,12,0.0,+1 Lap
2022,13,Hungarian Grand Prix,Budapest,ZHO,Guanyu Zhou,Alfa Romeo,12.0,13,0.0,+1 Lap
2022,13,Hungarian Grand Prix,Budapest,MSC,Mick Schumacher,Haas F1 Team,15.0,14,0.0,+1 Lap
2022,13,Hungarian Grand Prix,Budapest,RIC,Daniel Ricciardo,McLaren,9.0,15,0.0,+1 Lap
2022,13,Hungarian Grand Prix,Budapest,MAG,Kevin Magnussen,Haas F1 Team,13.0,16,0.0,+1 Lap
2022,13,Hungarian Grand Prix,Budapest,ALB,Alexander Albon,Williams,17.0,17,0.0,+1 Lap
2022,13,Hungarian Grand Prix,Budapest,LAT,Nicholas Latifi,Williams,19.0,18,0.0,+1 Lap
2022,13,Hungarian Grand Prix,Budapest,TSU,Yuki Tsunoda,AlphaTauri,16.0,19,0.0,+2 Laps
2022,13,Hungarian Grand Prix,Budapest,BOT,Valtteri Bottas,Alfa Romeo,8.0,20,0.0,Power Unit
2022,14,Belgian Grand Prix,Spa-Francorchamps,VER,Max Verstappen,Red Bull Racing,14.0,1,26.0,Finished
2022,14,Belgian Grand Prix,Spa-Francorchamps,PER,Sergio Perez,Red Bull Racing,2.0,2,18.0,Finished
2022,14,Belgian Grand Prix,Spa-Francorchamps,SAI,Carlos Sainz,Ferrari,1.0,3,15.0,Finished
2022,14,Belgian Grand Prix,Spa-Francorchamps,RUS,George Russell,Mercedes,5.0,4,12.0,Finished
2022,14,Belgian Grand Prix,Spa-Francorchamps,ALO,Fernando Alonso,Alpine,3.0,5,10.0,Finished
2022,14,Belgian Grand Prix,Spa-Francorchamps,LEC,Charles Leclerc,Ferrari,15.0,6,8.0,Finished
2022,14,Belgian Grand Prix,Spa-Francorchamps,OCO,Esteban Ocon,Alpine,16.0,7,6.0,Finished
2022,14,Belgian Grand Prix,Spa-Francorchamps,VET,Sebastian Vettel,Aston Martin,10.0,8,4.0,Finished
2022,14,Belgian Grand Prix,Spa-Francorchamps,GAS,Pierre Gasly,AlphaTauri,0.0,9,2.0,Finished
2022,14,Belgian Grand Prix,Spa-Francorchamps,ALB,Alexander Albon,Williams,6.0,10,1.0,Finished
2022,14,Belgian Grand Prix,Spa-Francorchamps,STR,Lance Stroll,Aston Martin,9.0,11,0.0,Finished
2022,14,Belgian Grand Prix,Spa-Francorchamps,NOR,Lando Norris,McLaren,17.0,12,0.0,Finished
2022,14,Belgian Grand Prix,Spa-Francorchamps,TSU,Yuki Tsunoda,AlphaTauri,0.0,13,0.0,Finished
2022,14,Belgian Grand Prix,Spa-Francorchamps,ZHO,Guanyu Zhou,Alfa Romeo,18.0,14,0.0,Finished
2022,14,Belgian Grand Prix,Spa-Francorchamps,RIC,Daniel Ricciardo,McLaren,7.0,15,0.0,Finished
2022,14,Belgian Grand Prix,Spa-Francorchamps,MAG,Kevin Magnussen,Haas F1 Team,12.0,16,0.0,+1 Lap
2022,14,Belgian Grand Prix,Spa-Francorchamps,MSC,Mick Schumacher,Haas F1 Team,19.0,17,0.0,+1 Lap
2022,14,Belgian Grand Prix,Spa-Francorchamps,LAT,Nicholas Latifi,Williams,11.0,18,0.0,+1 Lap
2022,14,Belgian Grand Prix,Spa-Francorchamps,BOT,Valtteri Bottas,Alfa Romeo,13.0,R,0.0,Accident
2022,14,Belgian Grand Prix,Spa-Francorchamps,HAM,Lewis Hamilton,Mercedes,4.0,R,0.0,Collision damage
2022,15,Dutch Grand Prix,Zandvoort,VER,Max Verstappen,Red Bull Racing,1.0,1,26.0,Finished
2022,15,Dutch Grand Prix,Zandvoort,RUS,George Russell,Mercedes,6.0,2,18.0,Finished
2022,15,Dutch Grand Prix,Zandvoort,LEC,Charles Leclerc,Ferrari,2.0,3,15.0,Finished
2022,15,Dutch Grand Prix,Zandvoort,HAM,Lewis Hamilton,Mercedes,4.0,4,12.0,Finished
2022,15,Dutch Grand Prix,Zandvoort,PER,Sergio Perez,Red Bull Racing,5.0,5,10.0,Finished
2022,15,Dutch Grand Prix,Zandvoort,ALO,Fernando Alonso,Alpine,13.0,6,8.0,Finished
2022,15,Dutch Grand Prix,Zandvoort,NOR,Lando Norris,McLaren,7.0,7,6.0,Finished
2022,15,Dutch Grand Prix,Zandvoort,SAI,Carlos Sainz,Ferrari,3.0,8,4.0,Finished
2022,15,Dutch Grand Prix,Zandvoort,OCO,Esteban Ocon,Alpine,12.0,9,2.0,Finished
2022,15,Dutch Grand Prix,Zandvoort,STR,Lance Stroll,Aston Martin,10.0,10,1.0,Finished
2022,15,Dutch Grand Prix,Zandvoort,GAS,Pierre Gasly,AlphaTauri,11.0,11,0.0,Finished
2022,15,Dutch Grand Prix,Zandvoort,ALB,Alexander Albon,Williams,15.0,12,0.0,Finished
2022,15,Dutch Grand Prix,Zandvoort,MSC,Mick Schumacher,Haas F1 Team,8.0,13,0.0,Finished
2022,15,Dutch Grand Prix,Zandvoort,VET,Sebastian Vettel,Aston Martin,19.0,14,0.0,Finished
2022,15,Dutch Grand Prix,Zandvoort,MAG,Kevin Magnussen,Haas F1 Team,18.0,15,0.0,Finished
2022,15,Dutch Grand Prix,Zandvoort,ZHO,Guanyu Zhou,Alfa Romeo,14.0,16,0.0,Finished
2022,15,Dutch Grand Prix,Zandvoort,RIC,Daniel Ricciardo,McLaren,17.0,17,0.0,Finished
2022,15,Dutch Grand Prix,Zandvoort,LAT,Nicholas Latifi,Williams,20.0,18,0.0,+1 Lap
2022,15,Dutch Grand Prix,Zandvoort,BOT,Valtteri Bottas,Alfa Romeo,16.0,R,0.0,Engine
2022,15,Dutch Grand Prix,Zandvoort,TSU,Yuki Tsunoda,AlphaTauri,9.0,R,0.0,Differential
2022,16,Italian Grand Prix,Monza,VER,Max Verstappen,Red Bull Racing,7.0,1,25.0,Finished
2022,16,Italian Grand Prix,Monza,LEC,Charles Leclerc,Ferrari,1.0,2,18.0,Finished
2022,16,Italian Grand Prix,Monza,RUS,George Russell,Mercedes,2.0,3,15.0,Finished
2022,16,Italian Grand Prix,Monza,SAI,Carlos Sainz,Ferrari,18.0,4,12.0,Finished
2022,16,Italian Grand Prix,Monza,HAM,Lewis Hamilton,Mercedes,19.0,5,10.0,Finished
2022,16,Italian Grand Prix,Monza,PER,Sergio Perez,Red Bull Racing,13.0,6,9.0,Finished
2022,16,Italian Grand Prix,Monza,NOR,Lando Norris,McLaren,3.0,7,6.0,Finished
2022,16,Italian Grand Prix,Monza,GAS,Pierre Gasly,AlphaTauri,5.0,8,4.0,Finished
2022,16,Italian Grand Prix,Monza,DEV,Nyck De Vries,Williams,8.0,9,2.0,Finished
2022,16,Italian Grand Prix,Monza,ZHO,Guanyu Zhou,Alfa Romeo,9.0,10,1.0,Finished
2022,16,Italian Grand Prix,Monza,OCO,Esteban Ocon,Alpine,14.0,11,0.0,Finished
2022,16,Italian Grand Prix,Monza,MSC,Mick Schumacher,Haas F1 Team,17.0,12,0.0,Finished
2022,16,Italian Grand Prix,Monza,BOT,Valtteri Bottas,Alfa Romeo,15.0,13,0.0,+1 Lap
2022,16,Italian Grand Prix,Monza,TSU,Yuki Tsunoda,AlphaTauri,20.0,14,0.0,+1 Lap
2022,16,Italian Grand Prix,Monza,LAT,Nicholas Latifi,Williams,10.0,15,0.0,+1 Lap
2022,16,Italian Grand Prix,Monza,MAG,Kevin Magnussen,Haas F1 Team,16.0,16,0.0,+1 Lap
2022,16,Italian Grand Prix,Monza,RIC,Daniel Ricciardo,McLaren,4.0,R,0.0,Oil leak
2022,16,Italian Grand Prix,Monza,STR,Lance Stroll,Aston Martin,12.0,R,0.0,Engine
2022,16,Italian Grand Prix,Monza,ALO,Fernando Alonso,Alpine,6.0,R,0.0,Water pressure
2022,16,Italian Grand Prix,Monza,VET,Sebastian Vettel,Aston Martin,11.0,R,0.0,Engine
2022,17,Singapore Grand Prix,Marina Bay,PER,Sergio Perez,Red Bull Racing,2.0,1,25.0,Finished
2022,17,Singapore Grand Prix,Marina Bay,LEC,Charles Leclerc,Ferrari,1.0,2,18.0,Finished
2022,17,Singapore Grand Prix,Marina Bay,SAI,Carlos Sainz,Ferrari,4.0,3,15.0,Finished
2022,17,Singapore Grand Prix,Marina Bay,NOR,Lando Norris,McLaren,6.0,4,12.0,Finished
2022,17,Singapore Grand Prix,Marina Bay,RIC,Daniel Ricciardo,McLaren,16.0,5,10.0,Finished
2022,17,Singapore Grand Prix,Marina Bay,STR,Lance Stroll,Aston Martin,11.0,6,8.0,Finished
2022,17,Singapore Grand Prix,Marina Bay,VER,Max Verstappen,Red Bull Racing,8.0,7,6.0,Finished
2022,17,Singapore Grand Prix,Marina Bay,VET,Sebastian Vettel,Aston Martin,13.0,8,4.0,Finished
2022,17,Singapore Grand Prix,Marina Bay,HAM,Lewis Hamilton,Mercedes,3.0,9,2.0,Finished
2022,17,Singapore Grand Prix,Marina Bay,GAS,Pierre Gasly,AlphaTauri,7.0,10,1.0,Finished
2022,17,Singapore Grand Prix,Marina Bay,BOT,Valtteri Bottas,Alfa Romeo,15.0,11,0.0,Finished
2022,17,Singapore Grand Prix,Marina Bay,MAG,Kevin Magnussen,Haas F1 Team,9.0,12,0.0,Finished
2022,17,Singapore Grand Prix,Marina Bay,MSC,Mick Schumacher,Haas F1 Team,12.0,13,0.0,+1 Lap
2022,17,Singapore Grand Prix,Marina Bay,RUS,George Russell,Mercedes,0.0,14,0.0,+2 Laps
2022,17,Singapore Grand Prix,Marina Bay,TSU,Yuki Tsunoda,AlphaTauri,10.0,R,0.0,Accident
2022,17,Singapore Grand Prix,Marina Bay,OCO,Esteban Ocon,Alpine,17.0,R,0.0,Engine
2022,17,Singapore Grand Prix,Marina Bay,ALB,Alexander Albon,Williams,18.0,R,0.0,Collision damage
2022,17,Singapore Grand Prix,Marina Bay,ALO,Fernando Alonso,Alpine,5.0,R,0.0,Engine
2022,17,Singapore Grand Prix,Marina Bay,LAT,Nicholas Latifi,Williams,19.0,R,0.0,Collision damage
2022,17,Singapore Grand Prix,Marina Bay,ZHO,Guanyu Zhou,Alfa Romeo,14.0,R,0.0,Collision
2022,18,Japanese Grand Prix,Suzuka,VER,Max Verstappen,Red Bull Racing,1.0,1,25.0,Finished
2022,18,Japanese Grand Prix,Suzuka,PER,Sergio Perez,Red Bull Racing,4.0,2,18.0,Finished
2022,18,Japanese Grand Prix,Suzuka,LEC,Charles Leclerc,Ferrari,2.0,3,15.0,Finished
2022,18,Japanese Grand Prix,Suzuka,OCO,Esteban Ocon,Alpine,5.0,4,12.0,Finished
2022,18,Japanese Grand Prix,Suzuka,HAM,Lewis Hamilton,Mercedes,6.0,5,10.0,Finished
2022,18,Japanese Grand Prix,Suzuka,VET,Sebastian Vettel,Aston Martin,9.0,6,8.0,Finished
2022,18,Japanese Grand Prix,Suzuka,ALO,Fernando Alonso,Alpine,7.0,7,6.0,Finished
2022,18,Japanese Grand Prix,Suzuka,RUS,George Russell,Mercedes,8.0,8,4.0,Finished
2022,18,Japanese Grand Prix,Suzuka,LAT,Nicholas Latifi,Williams,20.0,9,2.0,Finished
2022,18,Japanese Grand Prix,Suzuka,NOR,Lando Norris,McLaren,10.0,10,1.0,Finished
2022,18,Japanese Grand Prix,Suzuka,RIC,Daniel Ricciardo,McLaren,11.0,11,0.0,Finished
2022,18,Japanese Grand Prix,Suzuka,STR,Lance Stroll,Aston Martin,19.0,12,0.0,Finished
2022,18,Japanese Grand Prix,Suzuka,TSU,Yuki Tsunoda,AlphaTauri,13.0,13,0.0,Finished
2022,18,Japanese Grand Prix,Suzuka,MAG,Kevin Magnussen,Haas F1 Team,18.0,14,0.0,Finished
2022,18,Japanese Grand Prix,Suzuka,BOT,Valtteri Bottas,Alfa Romeo,12.0,15,0.0,Finished
2022,18,Japanese Grand Prix,Suzuka,ZHO,Guanyu Zhou,Alfa Romeo,14.0,16,0.0,Finished
2022,18,Japanese Grand Prix,Suzuka,MSC,Mick Schumacher,Haas F1 Team,15.0,17,0.0,Finished
2022,18,Japanese Grand Prix,Suzuka,GAS,Pierre Gasly,AlphaTauri,17.0,18,0.0,Finished
2022,18,Japanese Grand Prix,Suzuka,SAI,Carlos Sainz,Ferrari,3.0,R,0.0,Accident
2022,18,Japanese Grand Prix,Suzuka,ALB,Alexander Albon,Williams,16.0,R,0.0,Hydraulics
2022,19,United States Grand Prix,Austin,VER,Max Verstappen,Red Bull Racing,2.0,1,25.0,Finished
2022,19,United States Grand Prix,Austin,HAM,Lewis Hamilton,Mercedes,3.0,2,18.0,Finished
2022,19,United States Grand Prix,Austin,LEC,Charles Leclerc,Ferrari,12.0,3,15.0,Finished
2022,19,United States Grand Prix,Austin,PER,Sergio Perez,Red Bull Racing,9.0,4,12.0,Finished
2022,19,United States Grand Prix,Austin,RUS,George Russell,Mercedes,4.0,5,11.0,Finished
2022,19,United States Grand Prix,Austin,NOR,Lando Norris,McLaren,6.0,6,8.0,Finished
2022,19,United States Grand Prix,Austin,ALO,Fernando Alonso,Alpine,14.0,7,6.0,Finished
2022,19,United States Grand Prix,Austin,VET,Sebastian Vettel,Aston Martin,10.0,8,4.0,Finished
2022,19,United States Grand Prix,Austin,MAG,Kevin Magnussen,Haas F1 Team,13.0,9,2.0,Finished
2022,19,United States Grand Prix,Austin,TSU,Yuki Tsunoda,AlphaTauri,19.0,10,1.0,Finished
2022,19,United States Grand Prix,Austin,OCO,Esteban Ocon,Alpine,0.0,11,0.0,Finished
2022,19,United States Grand Prix,Austin,ZHO,Guanyu Zhou,Alfa Romeo,18.0,12,0.0,Finished
2022,19,United States Grand Prix,Austin,ALB,Alexander Albon,Williams,8.0,13,0.0,Finished
2022,19,United States Grand Prix,Austin,GAS,Pierre Gasly,AlphaTauri,11.0,14,0.0,Finished
2022,19,United States Grand Prix,Austin,MSC,Mick Schumacher,Haas F1 Team,16.0,15,0.0,Finished
2022,19,United States Grand Prix,Austin,RIC,Daniel Ricciardo,McLaren,15.0,16,0.0,Finished
2022,19,United States Grand Prix,Austin,LAT,Nicholas Latifi,Williams,17.0,17,0.0,Finished
2022,19,United States Grand Prix,Austin,STR,Lance Stroll,Aston Martin,5.0,R,0.0,Collision
2022,19,United States Grand Prix,Austin,BOT,Valtteri Bottas,Alfa Romeo,7.0,R,0.0,Spun off
2022,19,United States Grand Prix,Austin,SAI,Carlos Sainz,Ferrari,1.0,R,0.0,Collision damage
2022,20,Mexico City Grand Prix,Mexico City,VER,Max Verstappen,Red Bull Racing,1.0,1,25.0,Finished
2022,20,Mexico City Grand Prix,Mexico City,HAM,Lewis Hamilton,Mercedes,3.0,2,18.0,Finished
2022,20,Mexico City Grand Prix,Mexico City,PER,Sergio Perez,Red Bull Racing,4.0,3,15.0,Finished
2022,20,Mexico City Grand Prix,Mexico City,RUS,George Russell,Mercedes,2.0,4,13.0,Finished
2022,20,Mexico City Grand Prix,Mexico City,SAI,Carlos Sainz,Ferrari,5.0,5,10.0,Finished
2022,20,Mexico City Grand Prix,Mexico City,LEC,Charles Leclerc,Ferrari,7.0,6,8.0,Finished
2022,20,Mexico City Grand Prix,Mexico City,RIC,Daniel Ricciardo,McLaren,11.0,7,6.0,+1 Lap
2022,20,Mexico City Grand Prix,Mexico City,OCO,Esteban Ocon,Alpine,10.0,8,4.0,+1 Lap
2022,20,Mexico City Grand Prix,Mexico City,NOR,Lando Norris,McLaren,8.0,9,2.0,+1 Lap
2022,20,Mexico City Grand Prix,Mexico City,BOT,Valtteri Bottas,Alfa Romeo,6.0,10,1.0,+1 Lap
2022,20,Mexico City Grand Prix,Mexico City,GAS,Pierre Gasly,AlphaTauri,14.0,11,0.0,+1 Lap
2022,20,Mexico City Grand Prix,Mexico City,ALB,Alexander Albon,Williams,17.0,12,0.0,+1 Lap
2022,20,Mexico City Grand Prix,Mexico City,ZHO,Guanyu Zhou,Alfa Romeo,12.0,13,0.0,+1 Lap
2022,20,Mexico City Grand Prix,Mexico City,VET,Sebastian Vettel,Aston Martin,16.0,14,0.0,+1 Lap
2022,20,Mexico City Grand Prix,Mexico City,STR,Lance Stroll,Aston Martin,20.0,15,0.0,+1 Lap
2022,20,Mexico City Grand Prix,Mexico City,MSC,Mick Schumacher,Haas F1 Team,15.0,16,0.0,+1 Lap
2022,20,Mexico City Grand Prix,Mexico City,MAG,Kevin Magnussen,Haas F1 Team,19.0,17,0.0,+1 Lap
2022,20,Mexico City Grand Prix,Mexico City,LAT,Nicholas Latifi,Williams,18.0,18,0.0,+2 Laps
2022,20,Mexico City Grand Prix,Mexico City,ALO,Fernando Alonso,Alpine,9.0,19,0.0,Engine
2022,20,Mexico City Grand Prix,Mexico City,TSU,Yuki Tsunoda,AlphaTauri,13.0,R,0.0,Collision damage
2022,21,São Paulo Grand Prix,São Paulo,RUS,George Russell,Mercedes,1.0,1,26.0,Finished
2022,21,São Paulo Grand Prix,São Paulo,HAM,Lewis Hamilton,Mercedes,2.0,2,18.0,Finished
2022,21,São Paulo Grand Prix,São Paulo,SAI,Carlos Sainz,Ferrari,7.0,3,15.0,Finished
2022,21,São Paulo Grand Prix,São Paulo,LEC,Charles Leclerc,Ferrari,5.0,4,12.0,Finished
2022,21,São Paulo Grand Prix,São Paulo,ALO,Fernando Alonso,Alpine,17.0,5,10.0,Finished
2022,21,São Paulo Grand Prix,São Paulo,VER,Max Verstappen,Red Bull Racing,3.0,6,8.0,Finished
2022,21,São Paulo Grand Prix,São Paulo,PER,Sergio Perez,Red Bull Racing,4.0,7,6.0,Finished
2022,21,São Paulo Grand Prix,São Paulo,OCO,Esteban Ocon,Alpine,16.0,8,4.0,Finished
2022,21,São Paulo Grand Prix,São Paulo,BOT,Valtteri Bottas,Alfa Romeo,14.0,9,2.0,Finished
2022,21,São Paulo Grand Prix,São Paulo,STR,Lance Stroll,Aston Martin,15.0,10,1.0,Finished
2022,21,São Paulo Grand Prix,São Paulo,VET,Sebastian Vettel,Aston Martin,9.0,11,0.0,Finished
2022,21,São Paulo Grand Prix,São Paulo,ZHO,Guanyu Zhou,Alfa Romeo,13.0,12,0.0,Finished
2022,21,São Paulo Grand Prix,São Paulo,MSC,Mick Schumacher,Haas F1 Team,12.0,13,0.0,Finished
2022,21,São Paulo Grand Prix,São Paulo,GAS,Pierre Gasly,AlphaTauri,10.0,14,0.0,Finished
2022,21,São Paulo Grand Prix,São Paulo,ALB,Alexander Albon,Williams,19.0,15,0.0,Finished
2022,21,São Paulo Grand Prix,São Paulo,LAT,Nicholas Latifi,Williams,18.0,16,0.0,Finished
2022,21,São Paulo Grand Prix,São Paulo,TSU,Yuki Tsunoda,AlphaTauri,0.0,17,0.0,+1 Lap
2022,21,São Paulo Grand Prix,São Paulo,NOR,Lando Norris,McLaren,6.0,R,0.0,Gearbox
2022,21,São Paulo Grand Prix,São Paulo,MAG,Kevin Magnussen,Haas F1 Team,8.0,R,0.0,Collision
2022,21,São Paulo Grand Prix,São Paulo,RIC,Daniel Ricciardo,McLaren,11.0,R,0.0,Collision
2022,22,Abu Dhabi Grand Prix,Yas Island,VER,Max Verstappen,Red Bull Racing,1.0,1,25.0,Finished
2022,22,Abu Dhabi Grand Prix,Yas Island,LEC,Charles Leclerc,Ferrari,3.0,2,18.0,Finished
2022,22,Abu Dhabi Grand Prix,Yas Island,PER,Sergio Perez,Red Bull Racing,2.0,3,15.0,Finished
2022,22,Abu Dhabi Grand Prix,Yas Island,SAI,Carlos Sainz,Ferrari,4.0,4,12.0,Finished
2022,22,Abu Dhabi Grand Prix,Yas Island,RUS,George Russell,Mercedes,6.0,5,10.0,Finished
2022,22,Abu Dhabi Grand Prix,Yas Island,NOR,Lando Norris,McLaren,7.0,6,9.0,Finished
2022,22,Abu Dhabi Grand Prix,Yas Island,OCO,Esteban Ocon,Alpine,8.0,7,6.0,Finished
2022,22,Abu Dhabi Grand Prix,Yas Island,STR,Lance Stroll,Aston Martin,14.0,8,4.0,Finished
2022,22,Abu Dhabi Grand Prix,Yas Island,RIC,Daniel Ricciardo,McLaren,13.0,9,2.0,Finished
2022,22,Abu Dhabi Grand Prix,Yas Island,VET,Sebastian Vettel,Aston Martin,9.0,10,1.0,Finished
2022,22,Abu Dhabi Grand Prix,Yas Island,TSU,Yuki Tsunoda,AlphaTauri,11.0,11,0.0,Finished
2022,22,Abu Dhabi Grand Prix,Yas Island,ZHO,Guanyu Zhou,Alfa Romeo,15.0,12,0.0,+1 Lap
2022,22,Abu Dhabi Grand Prix,Yas Island,ALB,Alexander Albon,Williams,19.0,13,0.0,+1 Lap
2022,22,Abu Dhabi Grand Prix,Yas Island,GAS,Pierre Gasly,AlphaTauri,17.0,14,0.0,+1 Lap
2022,22,Abu Dhabi Grand Prix,Yas Island,BOT,Valtteri Bottas,Alfa Romeo,18.0,15,0.0,+1 Lap
2022,22,Abu Dhabi Grand Prix,Yas Island,MSC,Mick Schumacher,Haas F1 Team,12.0,16,0.0,+1 Lap
2022,22,Abu Dhabi Grand Prix,Yas Island,MAG,Kevin Magnussen,Haas F1 Team,16.0,17,0.0,+1 Lap
2022,22,Abu Dhabi Grand Prix,Yas Island,HAM,Lewis Hamilton,Mercedes,5.0,18,0.0,Hydraulics
2022,22,Abu Dhabi Grand Prix,Yas Island,LAT,Nicholas Latifi,Williams,20.0,19,0.0,Collision damage
2022,22,Abu Dhabi Grand Prix,Yas Island,ALO,Fernando Alonso,Alpine,10.0,R,0.0,Water leak
2023,1,Bahrain Grand Prix,Sakhir,VER,Max Verstappen,Red Bull Racing,1.0,1,25.0,Finished
2023,1,Bahrain Grand Prix,Sakhir,PER,Sergio Perez,Red Bull Racing,2.0,2,18.0,Finished
2023,1,Bahrain Grand Prix,Sakhir,ALO,Fernando Alonso,Aston Martin,5.0,3,15.0,Finished
2023,1,Bahrain Grand Prix,Sakhir,SAI,Carlos Sainz,Ferrari,4.0,4,12.0,Finished
2023,1,Bahrain Grand Prix,Sakhir,HAM,Lewis Hamilton,Mercedes,7.0,5,10.0,Finished
2023,1,Bahrain Grand Prix,Sakhir,STR,Lance Stroll,Aston Martin,8.0,6,8.0,Finished
2023,1,Bahrain Grand Prix,Sakhir,RUS,George Russell,Mercedes,6.0,7,6.0,Finished
2023,1,Bahrain Grand Prix,Sakhir,BOT,Valtteri Bottas,Alfa Romeo,12.0,8,4.0,Finished
2023,1,Bahrain Grand Prix,Sakhir,GAS,Pierre Gasly,Alpine,20.0,9,2.0,Finished
2023,1,Bahrain Grand Prix,Sakhir,ALB,Alexander Albon,Williams,15.0,10,1.0,Finished
2023,1,Bahrain Grand Prix,Sakhir,TSU,Yuki Tsunoda,AlphaTauri,14.0,11,0.0,Finished
2023,1,Bahrain Grand Prix,Sakhir,SAR,Logan Sargeant,Williams,16.0,12,0.0,Lapped
2023,1,Bahrain Grand Prix,Sakhir,MAG,Kevin Magnussen,Haas F1 Team,17.0,13,0.0,Lapped
2023,1,Bahrain Grand Prix,Sakhir,DEV,Nyck De Vries,AlphaTauri,19.0,14,0.0,Lapped
2023,1,Bahrain Grand Prix,Sakhir,HUL,Nico Hulkenberg,Haas F1 Team,10.0,15,0.0,Lapped
2023,1,Bahrain Grand Prix,Sakhir,ZHO,Guanyu Zhou,Alfa Romeo,13.0,16,0.0,Lapped
2023,1,Bahrain Grand Prix,Sakhir,NOR,Lando Norris,McLaren,11.0,17,0.0,Lapped
2023,1,Bahrain Grand Prix,Sakhir,OCO,Esteban Ocon,Alpine,9.0,R,0.0,Retired
2023,1,Bahrain Grand Prix,Sakhir,LEC,Charles Leclerc,Ferrari,3.0,R,0.0,Retired
2023,1,Bahrain Grand Prix,Sakhir,PIA,Oscar Piastri,McLaren,18.0,R,0.0,Retired
2023,2,Saudi Arabian Grand Prix,Jeddah,PER,Sergio Perez,Red Bull Racing,1.0,1,25.0,Finished
2023,2,Saudi Arabian Grand Prix,Jeddah,VER,Max Verstappen,Red Bull Racing,15.0,2,19.0,Finished
2023,2,Saudi Arabian Grand Prix,Jeddah,ALO,Fernando Alonso,Aston Martin,2.0,3,15.0,Finished
2023,2,Saudi Arabian Grand Prix,Jeddah,RUS,George Russell,Mercedes,3.0,4,12.0,Finished
2023,2,Saudi Arabian Grand Prix,Jeddah,HAM,Lewis Hamilton,Mercedes,7.0,5,10.0,Finished
2023,2,Saudi Arabian Grand Prix,Jeddah,SAI,Carlos Sainz,Ferrari,4.0,6,8.0,Finished
2023,2,Saudi Arabian Grand Prix,Jeddah,LEC,Charles Leclerc,Ferrari,12.0,7,6.0,Finished
2023,2,Saudi Arabian Grand Prix,Jeddah,OCO,Esteban Ocon,Alpine,6.0,8,4.0,Finished
2023,2,Saudi Arabian Grand Prix,Jeddah,GAS,Pierre Gasly,Alpine,9.0,9,2.0,Finished
2023,2,Saudi Arabian Grand Prix,Jeddah,MAG,Kevin Magnussen,Haas F1 Team,13.0,10,1.0,Finished
2023,2,Saudi Arabian Grand Prix,Jeddah,TSU,Yuki Tsunoda,AlphaTauri,16.0,11,0.0,Finished
2023,2,Saudi Arabian Grand Prix,Jeddah,HUL,Nico Hulkenberg,Haas F1 Team,10.0,12,0.0,Finished
2023,2,Saudi Arabian Grand Prix,Jeddah,ZHO,Guanyu Zhou,Alfa Romeo,11.0,13,0.0,Finished
2023,2,Saudi Arabian Grand Prix,Jeddah,DEV,Nyck De Vries,AlphaTauri,18.0,14,0.0,Finished
2023,2,Saudi Arabian Grand Prix,Jeddah,PIA,Oscar Piastri,McLaren,8.0,15,0.0,Finished
2023,2,Saudi Arabian Grand Prix,Jeddah,SAR,Logan Sargeant,Williams,20.0,16,0.0,Finished
2023,2,Saudi Arabian Grand Prix,Jeddah,NOR,Lando Norris,McLaren,19.0,17,0.0,Finished
2023,2,Saudi Arabian Grand Prix,Jeddah,BOT,Valtteri Bottas,Alfa Romeo,14.0,18,0.0,Lapped
2023,2,Saudi Arabian Grand Prix,Jeddah,ALB,Alexander Albon,Williams,17.0,R,0.0,Retired
2023,2,Saudi Arabian Grand Prix,Jeddah,STR,Lance Stroll,Aston Martin,5.0,R,0.0,Retired
2023,3,Australian Grand Prix,Melbourne,VER,Max Verstappen,Red Bull Racing,1.0,1,25.0,Finished
2023,3,Australian Grand Prix,Melbourne,HAM,Lewis Hamilton,Mercedes,3.0,2,18.0,Finished
2023,3,Australian Grand Prix,Melbourne,ALO,Fernando Alonso,Aston Martin,4.0,3,15.0,Finished
2023,3,Australian Grand Prix,Melbourne,STR,Lance Stroll,Aston Martin,6.0,4,12.0,Finished
2023,3,Australian Grand Prix,Melbourne,PER,Sergio Perez,Red Bull Racing,20.0,5,11.0,Finished
2023,3,Australian Grand Prix,Melbourne,NOR,Lando Norris,McLaren,13.0,6,8.0,Finished
2023,3,Australian Grand Prix,Melbourne,HUL,Nico Hulkenberg,Haas F1 Team,10.0,7,6.0,Finished
2023,3,Australian Grand Prix,Melbourne,PIA,Oscar Piastri,McLaren,16.0,8,4.0,Finished
2023,3,Australian Grand Prix,Melbourne,ZHO,Guanyu Zhou,Alfa Romeo,17.0,9,2.0,Finished
2023,3,Australian Grand Prix,Melbourne,TSU,Yuki Tsunoda,AlphaTauri,12.0,10,1.0,Finished
2023,3,Australian Grand Prix,Melbourne,BOT,Valtteri Bottas,Alfa Romeo,19.0,11,0.0,Finished
2023,3,Australian Grand Prix,Melbourne,SAI,Carlos Sainz,Ferrari,5.0,12,0.0,Finished
2023,3,Australian Grand Prix,Melbourne,GAS,Pierre Gasly,Alpine,9.0,13,0.0,Retired
2023,3,Australian Grand Prix,Melbourne,OCO,Esteban Ocon,Alpine,11.0,14,0.0,Retired
2023,3,Australian Grand Prix,Melbourne,DEV,Nyck De Vries,AlphaTauri,15.0,15,0.0,Retired
2023,3,Australian Grand Prix,Melbourne,SAR,Logan Sargeant,Williams,18.0,16,0.0,Retired
2023,3,Australian Grand Prix,Melbourne,MAG,Kevin Magnussen,Haas F1 Team,14.0,17,0.0,Retired
2023,3,Australian Grand Prix,Melbourne,RUS,George Russell,Mercedes,2.0,R,0.0,Retired
2023,3,Australian Grand Prix,Melbourne,ALB,Alexander Albon,Williams,8.0,R,0.0,Retired
2023,3,Australian Grand Prix,Melbourne,LEC,Charles Leclerc,Ferrari,7.0,R,0.0,Retired
2023,4,Azerbaijan Grand Prix,Baku,PER,Sergio Perez,Red Bull Racing,3.0,1,25.0,Finished
2023,4,Azerbaijan Grand Prix,Baku,VER,Max Verstappen,Red Bull Racing,2.0,2,18.0,Finished
2023,4,Azerbaijan Grand Prix,Baku,LEC,Charles Leclerc,Ferrari,1.0,3,15.0,Finished
2023,4,Azerbaijan Grand Prix,Baku,ALO,Fernando Alonso,Aston Martin,6.0,4,12.0,Finished
2023,4,Azerbaijan Grand Prix,Baku,SAI,Carlos Sainz,Ferrari,4.0,5,10.0,Finished
2023,4,Azerbaijan Grand Prix,Baku,HAM,Lewis Hamilton,Mercedes,5.0,6,8.0,Finished
2023,4,Azerbaijan Grand Prix,Baku,STR,Lance Stroll,Aston Martin,9.0,7,6.0,Finished
2023,4,Azerbaijan Grand Prix,Baku,RUS,George Russell,Mercedes,11.0,8,5.0,Finished
2023,4,Azerbaijan Grand Prix,Baku,NOR,Lando Norris,McLaren,7.0,9,2.0,Finished
2023,4,Azerbaijan Grand Prix,Baku,TSU,Yuki Tsunoda,AlphaTauri,8.0,10,1.0,Finished
2023,4,Azerbaijan Grand Prix,Baku,PIA,Oscar Piastri,McLaren,10.0,11,0.0,Finished
2023,4,Azerbaijan Grand Prix,Baku,ALB,Alexander Albon,Williams,12.0,12,0.0,Finished
2023,4,Azerbaijan Grand Prix,Baku,MAG,Kevin Magnussen,Haas F1 Team,16.0,13,0.0,Finished
2023,4,Azerbaijan Grand Prix,Baku,GAS,Pierre Gasly,Alpine,17.0,14,0.0,Finished
2023,4,Azerbaijan Grand Prix,Baku,OCO,Esteban Ocon,Alpine,19.0,15,0.0,Finished
2023,4,Azerbaijan Grand Prix,Baku,SAR,Logan Sargeant,Williams,14.0,16,0.0,Finished
2023,4,Azerbaijan Grand Prix,Baku,HUL,Nico Hulkenberg,Haas F1 Team,20.0,17,0.0,Lapped
2023,4,Azerbaijan Grand Prix,Baku,BOT,Valtteri Bottas,Alfa Romeo,13.0,18,0.0,Lapped
2023,4,Azerbaijan Grand Prix,Baku,ZHO,Guanyu Zhou,Alfa Romeo,15.0,R,0.0,Retired
2023,4,Azerbaijan Grand Prix,Baku,DEV,Nyck De Vries,AlphaTauri,18.0,R,0.0,Retired
2023,5,Miami Grand Prix,Miami,VER,Max Verstappen,Red Bull Racing,9.0,1,26.0,Finished
2023,5,Miami Grand Prix,Miami,PER,Sergio Perez,Red Bull Racing,1.0,2,18.0,Finished
2023,5,Miami Grand Prix,Miami,ALO,Fernando Alonso,Aston Martin,2.0,3,15.0,Finished
2023,5,Miami Grand Prix,Miami,RUS,George Russell,Mercedes,6.0,4,12.0,Finished
2023,5,Miami Grand Prix,Miami,SAI,Carlos Sainz,Ferrari,3.0,5,10.0,Finished
2023,5,Miami Grand Prix,Miami,HAM,Lewis Hamilton,Mercedes,13.0,6,8.0,Finished
2023,5,Miami Grand Prix,Miami,LEC,Charles Leclerc,Ferrari,7.0,7,6.0,Finished
2023,5,Miami Grand Prix,Miami,GAS,Pierre Gasly,Alpine,5.0,8,4.0,Finished
2023,5,Miami Grand Prix,Miami,OCO,Esteban Ocon,Alpine,8.0,9,2.0,Finished
2023,5,Miami Grand Prix,Miami,MAG,Kevin Magnussen,Haas F1 Team,4.0,10,1.0,Finished
2023,5,Miami Grand Prix,Miami,TSU,Yuki Tsunoda,AlphaTauri,17.0,11,0.0,Finished
2023,5,Miami Grand Prix,Miami,STR,Lance Stroll,Aston Martin,18.0,12,0.0,Finished
2023,5,Miami Grand Prix,Miami,BOT,Valtteri Bottas,Alfa Romeo,10.0,13,0.0,Finished
2023,5,Miami Grand Prix,Miami,ALB,Alexander Albon,Williams,11.0,14,0.0,Finished
2023,5,Miami Grand Prix,Miami,HUL,Nico Hulkenberg,Haas F1 Team,12.0,15,0.0,Finished
2023,5,Miami Grand Prix,Miami,ZHO,Guanyu Zhou,Alfa Romeo,14.0,16,0.0,Finished
2023,5,Miami Grand Prix,Miami,NOR,Lando Norris,McLaren,16.0,17,0.0,Finished
2023,5,Miami Grand Prix,Miami,DEV,Nyck De Vries,AlphaTauri,15.0,18,0.0,Finished
2023,5,Miami Grand Prix,Miami,PIA,Oscar Piastri,McLaren,19.0,19,0.0,Lapped
2023,5,Miami Grand Prix,Miami,SAR,Logan Sargeant,Williams,20.0,20,0.0,Lapped
2023,6,Monaco Grand Prix,Monaco,VER,Max Verstappen,Red Bull Racing,1.0,1,25.0,Finished
2023,6,Monaco Grand Prix,Monaco,ALO,Fernando Alonso,Aston Martin,2.0,2,18.0,Finished
2023,6,Monaco Grand Prix,Monaco,OCO,Esteban Ocon,Alpine,3.0,3,15.0,Finished
2023,6,Monaco Grand Prix,Monaco,HAM,Lewis Hamilton,Mercedes,5.0,4,13.0,Finished
2023,6,Monaco Grand Prix,Monaco,RUS,George Russell,Mercedes,8.0,5,10.0,Finished
2023,6,Monaco Grand Prix,Monaco,LEC,Charles Leclerc,Ferrari,6.0,6,8.0,Finished
2023,6,Monaco Grand Prix,Monaco,GAS,Pierre Gasly,Alpine,7.0,7,6.0,Finished
2023,6,Monaco Grand Prix,Monaco,SAI,Carlos Sainz,Ferrari,4.0,8,4.0,Finished
2023,6,Monaco Grand Prix,Monaco,NOR,Lando Norris,McLaren,10.0,9,2.0,Lapped
2023,6,Monaco Grand Prix,Monaco,PIA,Oscar Piastri,McLaren,11.0,10,1.0,Lapped
2023,6,Monaco Grand Prix,Monaco,BOT,Valtteri Bottas,Alfa Romeo,15.0,11,0.0,Lapped
2023,6,Monaco Grand Prix,Monaco,DEV,Nyck De Vries,AlphaTauri,12.0,12,0.0,Lapped
2023,6,Monaco Grand Prix,Monaco,ZHO,Guanyu Zhou,Alfa Romeo,19.0,13,0.0,Lapped
2023,6,Monaco Grand Prix,Monaco,ALB,Alexander Albon,Williams,13.0,14,0.0,Lapped
2023,6,Monaco Grand Prix,Monaco,TSU,Yuki Tsunoda,AlphaTauri,9.0,15,0.0,Lapped
2023,6,Monaco Grand Prix,Monaco,PER,Sergio Perez,Red Bull Racing,20.0,16,0.0,Lapped
2023,6,Monaco Grand Prix,Monaco,HUL,Nico Hulkenberg,Haas F1 Team,18.0,17,0.0,Lapped
2023,6,Monaco Grand Prix,Monaco,SAR,Logan Sargeant,Williams,16.0,18,0.0,Lapped
2023,6,Monaco Grand Prix,Monaco,MAG,Kevin Magnussen,Haas F1 Team,17.0,19,0.0,Retired
2023,6,Monaco Grand Prix,Monaco,STR,Lance Stroll,Aston Martin,14.0,R,0.0,Retired
2023,7,Spanish Grand Prix,Barcelona,VER,Max Verstappen,Red Bull Racing,1.0,1,26.0,Finished
2023,7,Spanish Grand Prix,Barcelona,HAM,Lewis Hamilton,Mercedes,4.0,2,18.0,Finished
2023,7,Spanish Grand Prix,Barcelona,RUS,George Russell,Mercedes,12.0,3,15.0,Finished
2023,7,Spanish Grand Prix,Barcelona,PER,Sergio Perez,Red Bull Racing,11.0,4,12.0,Finished
2023,7,Spanish Grand Prix,Barcelona,SAI,Carlos Sainz,Ferrari,2.0,5,10.0,Finished
2023,7,Spanish Grand Prix,Barcelona,STR,Lance Stroll,Aston Martin,5.0,6,8.0,Finished
2023,7,Spanish Grand Prix,Barcelona,ALO,Fernando Alonso,Aston Martin,8.0,7,6.0,Finished
2023,7,Spanish Grand Prix,Barcelona,OCO,Esteban Ocon,Alpine,6.0,8,4.0,Finished
2023,7,Spanish Grand Prix,Barcelona,ZHO,Guanyu Zhou,Alfa Romeo,13.0,9,2.0,Finished
2023,7,Spanish Grand Prix,Barcelona,GAS,Pierre Gasly,Alpine,10.0,10,1.0,Finished
2023,7,Spanish Grand Prix,Barcelona,LEC,Charles Leclerc,Ferrari,19.0,11,0.0,Finished
2023,7,Spanish Grand Prix,Barcelona,TSU,Yuki Tsunoda,AlphaTauri,15.0,12,0.0,Finished
2023,7,Spanish Grand Prix,Barcelona,PIA,Oscar Piastri,McLaren,9.0,13,0.0,Lapped
2023,7,Spanish Grand Prix,Barcelona,DEV,Nyck De Vries,AlphaTauri,14.0,14,0.0,Lapped
2023,7,Spanish Grand Prix,Barcelona,HUL,Nico Hulkenberg,Haas F1 Team,7.0,15,0.0,Lapped
2023,7,Spanish Grand Prix,Barcelona,ALB,Alexander Albon,Williams,18.0,16,0.0,Lapped
2023,7,Spanish Grand Prix,Barcelona,NOR,Lando Norris,McLaren,3.0,17,0.0,Lapped
2023,7,Spanish Grand Prix,Barcelona,MAG,Kevin Magnussen,Haas F1 Team,17.0,18,0.0,Lapped
2023,7,Spanish Grand Prix,Barcelona,BOT,Valtteri Bottas,Alfa Romeo,16.0,19,0.0,Lapped
2023,7,Spanish Grand Prix,Barcelona,SAR,Logan Sargeant,Williams,20.0,20,0.0,Lapped
2023,8,Canadian Grand Prix,Montréal,VER,Max Verstappen,Red Bull Racing,1.0,1,25.0,Finished
2023,8,Canadian Grand Prix,Montréal,ALO,Fernando Alonso,Aston Martin,2.0,2,18.0,Finished
2023,8,Canadian Grand Prix,Montréal,HAM,Lewis Hamilton,Mercedes,3.0,3,15.0,Finished
2023,8,Canadian Grand Prix,Montréal,LEC,Charles Leclerc,Ferrari,10.0,4,12.0,Finished
2023,8,Canadian Grand Prix,Montréal,SAI,Carlos Sainz,Ferrari,11.0,5,10.0,Finished
2023,8,Canadian Grand Prix,Montréal,PER,Sergio Perez,Red Bull Racing,12.0,6,9.0,Finished
2023,8,Canadian Grand Prix,Montréal,ALB,Alexander Albon,Williams,9.0,7,6.0,Finished
2023,8,Canadian Grand Prix,Montréal,OCO,Esteban Ocon,Alpine,6.0,8,4.0,Finished
2023,8,Canadian Grand Prix,Montréal,STR,Lance Stroll,Aston Martin,16.0,9,2.0,Finished
2023,8,Canadian Grand Prix,Montréal,BOT,Valtteri Bottas,Alfa Romeo,14.0,10,1.0,Finished
2023,8,Canadian Grand Prix,Montréal,PIA,Oscar Piastri,McLaren,8.0,11,0.0,Finished
2023,8,Canadian Grand Prix,Montréal,GAS,Pierre Gasly,Alpine,15.0,12,0.0,Finished
2023,8,Canadian Grand Prix,Montréal,NOR,Lando Norris,McLaren,7.0,13,0.0,Finished
2023,8,Canadian Grand Prix,Montréal,TSU,Yuki Tsunoda,AlphaTauri,19.0,14,0.0,Finished
2023,8,Canadian Grand Prix,Montréal,HUL,Nico Hulkenberg,Haas F1 Team,5.0,15,0.0,Lapped
2023,8,Canadian Grand Prix,Montréal,ZHO,Guanyu Zhou,Alfa Romeo,20.0,16,0.0,Lapped
2023,8,Canadian Grand Prix,Montréal,MAG,Kevin Magnussen,Haas F1 Team,13.0,17,0.0,Lapped
2023,8,Canadian Grand Prix,Montréal,DEV,Nyck De Vries,AlphaTauri,17.0,18,0.0,Lapped
2023,8,Canadian Grand Prix,Montréal,RUS,George Russell,Mercedes,4.0,R,0.0,Retired
2023,8,Canadian Grand Prix,Montréal,SAR,Logan Sargeant,Williams,18.0,R,0.0,Retired
2023,9,Austrian Grand Prix,Spielberg,VER,Max Verstappen,Red Bull Racing,1.0,1,26.0,Finished
2023,9,Austrian Grand Prix,Spielberg,LEC,Charles Leclerc,Ferrari,2.0,2,18.0,Finished
2023,9,Austrian Grand Prix,Spielberg,PER,Sergio Perez,Red Bull Racing,15.0,3,15.0,Finished
2023,9,Austrian Grand Prix,Spielberg,NOR,Lando Norris,McLaren,4.0,4,12.0,Finished
2023,9,Austrian Grand Prix,Spielberg,ALO,Fernando Alonso,Aston Martin,7.0,5,10.0,Finished
2023,9,Austrian Grand Prix,Spielberg,SAI,Carlos Sainz,Ferrari,3.0,6,8.0,Finished
2023,9,Austrian Grand Prix,Spielberg,RUS,George Russell,Mercedes,11.0,7,6.0,Finished
2023,9,Austrian Grand Prix,Spielberg,HAM,Lewis Hamilton,Mercedes,5.0,8,4.0,Finished
2023,9,Austrian Grand Prix,Spielberg,STR,Lance Stroll,Aston Martin,6.0,9,2.0,Finished
2023,9,Austrian Grand Prix,Spielberg,GAS,Pierre Gasly,Alpine,9.0,10,1.0,Finished
2023,9,Austrian Grand Prix,Spielberg,ALB,Alexander Albon,Williams,10.0,11,0.0,Finished
2023,9,Austrian Grand Prix,Spielberg,ZHO,Guanyu Zhou,Alfa Romeo,17.0,12,0.0,Lapped
2023,9,Austrian Grand Prix,Spielberg,SAR,Logan Sargeant,Williams,18.0,13,0.0,Lapped
2023,9,Austrian Grand Prix,Spielberg,OCO,Esteban Ocon,Alpine,12.0,14,0.0,Lapped
2023,9,Austrian Grand Prix,Spielberg,BOT,Valtteri Bottas,Alfa Romeo,14.0,15,0.0,Lapped
2023,9,Austrian Grand Prix,Spielberg,PIA,Oscar Piastri,McLaren,13.0,16,0.0,Lapped
2023,9,Austrian Grand Prix,Spielberg,DEV,Nyck De Vries,AlphaTauri,20.0,17,0.0,Lapped
2023,9,Austrian Grand Prix,Spielberg,MAG,Kevin Magnussen,Haas F1 Team,19.0,18,0.0,Lapped
2023,9,Austrian Grand Prix,Spielberg,TSU,Yuki Tsunoda,AlphaTauri,16.0,19,0.0,Lapped
2023,9,Austrian Grand Prix,Spielberg,HUL,Nico Hulkenberg,Haas F1 Team,8.0,R,0.0,Retired
2023,10,British Grand Prix,Silverstone,VER,Max Verstappen,Red Bull Racing,1.0,1,26.0,Finished
2023,10,British Grand Prix,Silverstone,NOR,Lando Norris,McLaren,2.0,2,18.0,Finished
2023,10,British Grand Prix,Silverstone,HAM,Lewis Hamilton,Mercedes,7.0,3,15.0,Finished
2023,10,British Grand Prix,Silverstone,PIA,Oscar Piastri,McLaren,3.0,4,12.0,Finished
2023,10,British Grand Prix,Silverstone,RUS,George Russell,Mercedes,6.0,5,10.0,Finished
2023,10,British Grand Prix,Silverstone,PER,Sergio Perez,Red Bull Racing,15.0,6,8.0,Finished
2023,10,British Grand Prix,Silverstone,ALO,Fernando Alonso,Aston Martin,9.0,7,6.0,Finished
2023,10,British Grand Prix,Silverstone,ALB,Alexander Albon,Williams,8.0,8,4.0,Finished
2023,10,British Grand Prix,Silverstone,LEC,Charles Leclerc,Ferrari,4.0,9,2.0,Finished
2023,10,British Grand Prix,Silverstone,SAI,Carlos Sainz,Ferrari,5.0,10,1.0,Finished
2023,10,British Grand Prix,Silverstone,SAR,Logan Sargeant,Williams,14.0,11,0.0,Finished
2023,10,British Grand Prix,Silverstone,BOT,Valtteri Bottas,Alfa Romeo,20.0,12,0.0,Finished
2023,10,British Grand Prix,Silverstone,HUL,Nico Hulkenberg,Haas F1 Team,11.0,13,0.0,Finished
2023,10,British Grand Prix,Silverstone,STR,Lance Stroll,Aston Martin,12.0,14,0.0,Finished
2023,10,British Grand Prix,Silverstone,ZHO,Guanyu Zhou,Alfa Romeo,17.0,15,0.0,Finished
2023,10,British Grand Prix,Silverstone,TSU,Yuki Tsunoda,AlphaTauri,16.0,16,0.0,Finished
2023,10,British Grand Prix,Silverstone,DEV,Nyck De Vries,AlphaTauri,18.0,17,0.0,Finished
2023,10,British Grand Prix,Silverstone,GAS,Pierre Gasly,Alpine,10.0,18,0.0,Retired
2023,10,British Grand Prix,Silverstone,MAG,Kevin Magnussen,Haas F1 Team,19.0,R,0.0,Retired
2023,10,British Grand Prix,Silverstone,OCO,Esteban Ocon,Alpine,13.0,R,0.0,Retired
2023,11,Hungarian Grand Prix,Budapest,VER,Max Verstappen,Red Bull Racing,2.0,1,26.0,Finished
2023,11,Hungarian Grand Prix,Budapest,NOR,Lando Norris,McLaren,3.0,2,18.0,Finished
2023,11,Hungarian Grand Prix,Budapest,PER,Sergio Perez,Red Bull Racing,9.0,3,15.0,Finished
2023,11,Hungarian Grand Prix,Budapest,HAM,Lewis Hamilton,Mercedes,1.0,4,12.0,Finished
2023,11,Hungarian Grand Prix,Budapest,PIA,Oscar Piastri,McLaren,4.0,5,10.0,Finished
2023,11,Hungarian Grand Prix,Budapest,RUS,George Russell,Mercedes,18.0,6,8.0,Finished
2023,11,Hungarian Grand Prix,Budapest,LEC,Charles Leclerc,Ferrari,6.0,7,6.0,Finished
2023,11,Hungarian Grand Prix,Budapest,SAI,Carlos Sainz,Ferrari,11.0,8,4.0,Finished
2023,11,Hungarian Grand Prix,Budapest,ALO,Fernando Alonso,Aston Martin,8.0,9,2.0,Finished
2023,11,Hungarian Grand Prix,Budapest,STR,Lance Stroll,Aston Martin,14.0,10,1.0,Lapped
2023,11,Hungarian Grand Prix,Budapest,ALB,Alexander Albon,Williams,16.0,11,0.0,Lapped
2023,11,Hungarian Grand Prix,Budapest,BOT,Valtteri Bottas,Alfa Romeo,7.0,12,0.0,Lapped
2023,11,Hungarian Grand Prix,Budapest,RIC,Daniel Ricciardo,AlphaTauri,13.0,13,0.0,Lapped
2023,11,Hungarian Grand Prix,Budapest,HUL,Nico Hulkenberg,Haas F1 Team,10.0,14,0.0,Lapped
2023,11,Hungarian Grand Prix,Budapest,TSU,Yuki Tsunoda,AlphaTauri,17.0,15,0.0,Lapped
2023,11,Hungarian Grand Prix,Budapest,ZHO,Guanyu Zhou,Alfa Romeo,5.0,16,0.0,Lapped
2023,11,Hungarian Grand Prix,Budapest,MAG,Kevin Magnussen,Haas F1 Team,19.0,17,0.0,Lapped
2023,11,Hungarian Grand Prix,Budapest,SAR,Logan Sargeant,Williams,20.0,18,0.0,Retired
2023,11,Hungarian Grand Prix,Budapest,OCO,Esteban Ocon,Alpine,12.0,R,0.0,Retired
2023,11,Hungarian Grand Prix,Budapest,GAS,Pierre Gasly,Alpine,15.0,R,0.0,Retired
2023,12,Belgian Grand Prix,Spa-Francorchamps,VER,Max Verstappen,Red Bull Racing,6.0,1,25.0,Finished
2023,12,Belgian Grand Prix,Spa-Francorchamps,PER,Sergio Perez,Red Bull Racing,2.0,2,18.0,Finished
2023,12,Belgian Grand Prix,Spa-Francorchamps,LEC,Charles Leclerc,Ferrari,1.0,3,15.0,Finished
2023,12,Belgian Grand Prix,Spa-Francorchamps,HAM,Lewis Hamilton,Mercedes,3.0,4,13.0,Finished
2023,12,Belgian Grand Prix,Spa-Francorchamps,ALO,Fernando Alonso,Aston Martin,9.0,5,10.0,Finished
2023,12,Belgian Grand Prix,Spa-Francorchamps,RUS,George Russell,Mercedes,8.0,6,8.0,Finished
2023,12,Belgian Grand Prix,Spa-Francorchamps,NOR,Lando Norris,McLaren,7.0,7,6.0,Finished
2023,12,Belgian Grand Prix,Spa-Francorchamps,OCO,Esteban Ocon,Alpine,14.0,8,4.0,Finished
2023,12,Belgian Grand Prix,Spa-Francorchamps,STR,Lance Stroll,Aston Martin,10.0,9,2.0,Finished
2023,12,Belgian Grand Prix,Spa-Francorchamps,TSU,Yuki Tsunoda,AlphaTauri,11.0,10,1.0,Finished
2023,12,Belgian Grand Prix,Spa-Francorchamps,GAS,Pierre Gasly,Alpine,12.0,11,0.0,Finished
2023,12,Belgian Grand Prix,Spa-Francorchamps,BOT,Valtteri Bottas,Alfa Romeo,13.0,12,0.0,Finished
2023,12,Belgian Grand Prix,Spa-Francorchamps,ZHO,Guanyu Zhou,Alfa Romeo,17.0,13,0.0,Finished
2023,12,Belgian Grand Prix,Spa-Francorchamps,ALB,Alexander Albon,Williams,15.0,14,0.0,Finished
2023,12,Belgian Grand Prix,Spa-Francorchamps,MAG,Kevin Magnussen,Haas F1 Team,16.0,15,0.0,Finished
2023,12,Belgian Grand Prix,Spa-Francorchamps,RIC,Daniel Ricciardo,AlphaTauri,19.0,16,0.0,Finished
2023,12,Belgian Grand Prix,Spa-Francorchamps,SAR,Logan Sargeant,Williams,18.0,17,0.0,Finished
2023,12,Belgian Grand Prix,Spa-Francorchamps,HUL,Nico Hulkenberg,Haas F1 Team,20.0,18,0.0,Finished
2023,12,Belgian Grand Prix,Spa-Francorchamps,SAI,Carlos Sainz,Ferrari,4.0,R,0.0,Retired
2023,12,Belgian Grand Prix,Spa-Francorchamps,PIA,Oscar Piastri,McLaren,5.0,R,0.0,Retired
2023,13,Dutch Grand Prix,Zandvoort,VER,Max Verstappen,Red Bull Racing,1.0,1,25.0,Finished
2023,13,Dutch Grand Prix,Zandvoort,ALO,Fernando Alonso,Aston Martin,5.0,2,19.0,Finished
2023,13,Dutch Grand Prix,Zandvoort,GAS,Pierre Gasly,Alpine,12.0,3,15.0,Finished
2023,13,Dutch Grand Prix,Zandvoort,PER,Sergio Perez,Red Bull Racing,7.0,4,12.0,Finished
2023,13,Dutch Grand Prix,Zandvoort,SAI,Carlos Sainz,Ferrari,6.0,5,10.0,Finished
2023,13,Dutch Grand Prix,Zandvoort,HAM,Lewis Hamilton,Mercedes,13.0,6,8.0,Finished
2023,13,Dutch Grand Prix,Zandvoort,NOR,Lando Norris,McLaren,2.0,7,6.0,Finished
2023,13,Dutch Grand Prix,Zandvoort,ALB,Alexander Albon,Williams,4.0,8,4.0,Finished
2023,13,Dutch Grand Prix,Zandvoort,PIA,Oscar Piastri,McLaren,8.0,9,2.0,Finished
2023,13,Dutch Grand Prix,Zandvoort,OCO,Esteban Ocon,Alpine,16.0,10,1.0,Finished
2023,13,Dutch Grand Prix,Zandvoort,STR,Lance Stroll,Aston Martin,11.0,11,0.0,Finished
2023,13,Dutch Grand Prix,Zandvoort,HUL,Nico Hulkenberg,Haas F1 Team,14.0,12,0.0,Finished
2023,13,Dutch Grand Prix,Zandvoort,LAW,Liam Lawson,AlphaTauri,19.0,13,0.0,Finished
2023,13,Dutch Grand Prix,Zandvoort,BOT,Valtteri Bottas,Alfa Romeo,18.0,14,0.0,Finished
2023,13,Dutch Grand Prix,Zandvoort,TSU,Yuki Tsunoda,AlphaTauri,17.0,15,0.0,Finished
2023,13,Dutch Grand Prix,Zandvoort,MAG,Kevin Magnussen,Haas F1 Team,0.0,16,0.0,Finished
2023,13,Dutch Grand Prix,Zandvoort,RUS,George Russell,Mercedes,3.0,17,0.0,Finished
2023,13,Dutch Grand Prix,Zandvoort,ZHO,Guanyu Zhou,Alfa Romeo,15.0,R,0.0,Accident
2023,13,Dutch Grand Prix,Zandvoort,LEC,Charles Leclerc,Ferrari,9.0,R,0.0,Undertray
2023,13,Dutch Grand Prix,Zandvoort,SAR,Logan Sargeant,Williams,10.0,R,0.0,Accident
2023,14,Italian Grand Prix,Monza,VER,Max Verstappen,Red Bull Racing,2.0,1,25.0,Finished
2023,14,Italian Grand Prix,Monza,PER,Sergio Perez,Red Bull Racing,5.0,2,18.0,Finished
2023,14,Italian Grand Prix,Monza,SAI,Carlos Sainz,Ferrari,1.0,3,15.0,Finished
2023,14,Italian Grand Prix,Monza,LEC,Charles Leclerc,Ferrari,3.0,4,12.0,Finished
2023,14,Italian Grand Prix,Monza,RUS,George Russell,Mercedes,4.0,5,10.0,Finished
2023,14,Italian Grand Prix,Monza,HAM,Lewis Hamilton,Mercedes,8.0,6,8.0,Finished
2023,14,Italian Grand Prix,Monza,ALB,Alexander Albon,Williams,6.0,7,6.0,Finished
2023,14,Italian Grand Prix,Monza,NOR,Lando Norris,McLaren,9.0,8,4.0,Finished
2023,14,Italian Grand Prix,Monza,ALO,Fernando Alonso,Aston Martin,10.0,9,2.0,Finished
2023,14,Italian Grand Prix,Monza,BOT,Valtteri Bottas,Alfa Romeo,14.0,10,1.0,Finished
2023,14,Italian Grand Prix,Monza,LAW,Liam Lawson,AlphaTauri,12.0,11,0.0,Finished
2023,14,Italian Grand Prix,Monza,PIA,Oscar Piastri,McLaren,7.0,12,0.0,Finished
2023,14,Italian Grand Prix,Monza,SAR,Logan Sargeant,Williams,15.0,13,0.0,Finished
2023,14,Italian Grand Prix,Monza,ZHO,Guanyu Zhou,Alfa Romeo,16.0,14,0.0,Finished
2023,14,Italian Grand Prix,Monza,GAS,Pierre Gasly,Alpine,17.0,15,0.0,Finished
2023,14,Italian Grand Prix,Monza,STR,Lance Stroll,Aston Martin,20.0,16,0.0,Finished
2023,14,Italian Grand Prix,Monza,HUL,Nico Hulkenberg,Haas F1 Team,13.0,17,0.0,Lapped
2023,14,Italian Grand Prix,Monza,MAG,Kevin Magnussen,Haas F1 Team,19.0,18,0.0,Lapped
2023,14,Italian Grand Prix,Monza,OCO,Esteban Ocon,Alpine,18.0,R,0.0,Retired
2023,14,Italian Grand Prix,Monza,TSU,Yuki Tsunoda,AlphaTauri,11.0,W,0.0,Did not start
2023,15,Singapore Grand Prix,Marina Bay,SAI,Carlos Sainz,Ferrari,1.0,1,25.0,Finished
2023,15,Singapore Grand Prix,Marina Bay,NOR,Lando Norris,McLaren,4.0,2,18.0,Finished
2023,15,Singapore Grand Prix,Marina Bay,HAM,Lewis Hamilton,Mercedes,5.0,3,16.0,Finished
2023,15,Singapore Grand Prix,Marina Bay,LEC,Charles Leclerc,Ferrari,3.0,4,12.0,Finished
2023,15,Singapore Grand Prix,Marina Bay,VER,Max Verstappen,Red Bull Racing,11.0,5,10.0,Finished
2023,15,Singapore Grand Prix,Marina Bay,GAS,Pierre Gasly,Alpine,12.0,6,8.0,Finished
2023,15,Singapore Grand Prix,Marina Bay,PIA,Oscar Piastri,McLaren,17.0,7,6.0,Finished
2023,15,Singapore Grand Prix,Marina Bay,PER,Sergio Perez,Red Bull Racing,13.0,8,4.0,Finished
2023,15,Singapore Grand Prix,Marina Bay,LAW,Liam Lawson,AlphaTauri,10.0,9,2.0,Finished
2023,15,Singapore Grand Prix,Marina Bay,MAG,Kevin Magnussen,Haas F1 Team,6.0,10,1.0,Finished
2023,15,Singapore Grand Prix,Marina Bay,ALB,Alexander Albon,Williams,14.0,11,0.0,Finished
2023,15,Singapore Grand Prix,Marina Bay,ZHO,Guanyu Zhou,Alfa Romeo,19.0,12,0.0,Finished
2023,15,Singapore Grand Prix,Marina Bay,HUL,Nico Hulkenberg,Haas F1 Team,9.0,13,0.0,Finished
2023,15,Singapore Grand Prix,Marina Bay,SAR,Logan Sargeant,Williams,18.0,14,0.0,Finished
2023,15,Singapore Grand Prix,Marina Bay,ALO,Fernando Alonso,Aston Martin,7.0,15,0.0,Finished
2023,15,Singapore Grand Prix,Marina Bay,RUS,George Russell,Mercedes,2.0,16,0.0,Retired
2023,15,Singapore Grand Prix,Marina Bay,BOT,Valtteri Bottas,Alfa Romeo,16.0,R,0.0,Retired
2023,15,Singapore Grand Prix,Marina Bay,OCO,Esteban Ocon,Alpine,8.0,R,0.0,Retired
2023,15,Singapore Grand Prix,Marina Bay,TSU,Yuki Tsunoda,AlphaTauri,15.0,R,0.0,Retired
2023,15,Singapore Grand Prix,Marina Bay,STR,Lance Stroll,Aston Martin,,W,0.0,Withdrew
